company_rank,company,company_total_score,liatrio_service_area,headline,source,url,published,relevance_score,matched_keywords,outreach_angle
1,3M,17.5,Enterprise AI,"3M’s AI Strategy: Analysis of Dominance in Material Science, Industrial AI - Klover.ai",Klover.ai,https://news.google.com/rss/articles/CBMimAFBVV95cUxPZVhtc2UxczA2RzJZSFZSWnZoX01UZnpjOGIwX1M0U0EzZnJ6eTItMlI1VHJCaGRreUhiS2RpTUpOMVBnRVdJbERsbUZIcHhMUjdaMGg2M3RScVBWaTJndC1EWmNQY001V3VvZ25qa0NKUEs4VFF3cGYzdUJhbl9GalVqTnVlYUJ5V3hTcVB0Y0NRY1lWRzVVUA?oc=5,"Wed, 30 Jul 2025 07:00:00 GMT",1.5,AI strategy,Liatrio helps enterprises move from AI pilots to production-scale AI. Offer an AI Strategy Session.
1,3M,17.5,Enterprise AI,GenAI.mil Makes Debut as DOW Pushes Commercial AI at Scale - GovCIO Media & Research,GovCIO Media & Research,https://news.google.com/rss/articles/CBMiiwFBVV95cUxPZjVSWE5RU2NsaUI5dEtjeGw4WkNuTGFUbjh1aV9JXzhpM0JodEVpR1Y4ZElBaXo1TDBOeHpKa0gwd3dFS194UFlVTlNoY2tXdzRTc3k2UWFsVkZEZnhlMFg1elR1azBLRHVYVFJSUUNxVUt4VVdrTnQ1VWNWU2J4amVLS1NKU3EyYjc4?oc=5,"Mon, 15 Dec 2025 08:00:00 GMT",1,AI at scale,Liatrio helps enterprises move from AI pilots to production-scale AI. Offer an AI Strategy Session.
1,3M,17.5,Strategic Signal,"Simform Invests $3M in Azure Highlighting AI, Infrastructure and Vertical Expansion - Redmond Channel Partner",Redmond Channel Partner,https://news.google.com/rss/articles/CBMikAFBVV95cUxPSHhlaHdzUk0zaXdHd0tKaHpWTUFfWXRfTElldjBGV1M5RkIzZWVXWFBZeWM1a25aMlA4UllnWVMwZzRFd1FwRXA2TjlEMVo1REFqdWZrNy1FUVRxUXpvU2pHMm5wUTZvM1BXME50UjVRTDl3N2syV2xrZFNoWllielNIN1BLZWVZZW96YmFEYTU?oc=5,"Tue, 17 Feb 2026 08:00:00 GMT",1,expansion,Company is investing in technology. Position Liatrio as their transformation partner.
1,3M,17.5,DevOps & Platform Engineering,Five Great DevOps Job Opportunities - DevOps.com,DevOps.com,https://news.google.com/rss/articles/CBMia0FVX3lxTE5La2RhYUN3enhfdC0tOUppcHlCay02WnBEbDJkbTZUX0xBcHl5T3BpV1N2T0pzUEZtU0pCNG84emM0dDVGRDhOT1BJNE5zY3p2RlBRU01QVDltVlFJZUw3N0lBbXpXdnZWVksw?oc=5,"Mon, 21 Oct 2024 07:00:00 GMT",1,DevOps,Liatrio builds internal developer platforms that accelerate delivery. Offer a DevOps maturity assessment.
1,3M,17.5,Cloud Migration,FEHRM CTO Targets Two-Year Cloud Migration for Federal EHR - GovCIO Media & Research,GovCIO Media & Research,https://news.google.com/rss/articles/CBMiiwFBVV95cUxNT2p3RWpjalhIekdtbGN6Znp5ZzVXRlhWa1M1ejhLR0V0QmNrRlV6N04zUVpZSHB0UWRlV1dzLUpDekY2RzlmdWJ3VnpucjJEY0pQSHI2N0JfNVF4QlpXNHM3TVJ5SnFmNFg0RGtNRTNzWUMtbGpaaFdSUVpaYUNJcDJ3ZGpVUUdINmdV?oc=5,"Wed, 18 Jun 2025 07:00:00 GMT",1,cloud migration,Liatrio designs AI-ready cloud platforms. Offer a cloud migration assessment.
1,3M,17.5,Security & Compliance,World Bank Group Leans on Zero Trust to Secure Global Digital Infrastructure - GovCIO Media & Research,GovCIO Media & Research,https://news.google.com/rss/articles/CBMiowFBVV95cUxNdXRocDhGZ0VRQkJYRVo5ZzBSVWZjYnJqWnFyOGVCN25NMHRNNXh0T0w0RHMxcVhIVjk5R1hrRXpMbzFNMEF4OE9QVFdrRVh3QXM0Q0x0ZFJELUd4UnBqWG1PTGJvYkhZV0JUVlk0dzhEM1JfbG1VVVNBQlYtMjBZMjJHM2hrNnRCeE5hZUNfeW5RWEJCQkdlZ0FBaVFRZC12b1Nn?oc=5,"Tue, 16 Dec 2025 08:00:00 GMT",1,zero trust,Liatrio integrates security into the software delivery pipeline. Offer a DevSecOps assessment.
1,3M,17.5,Strategic Signal,Nucleon Security Secures €3M to Drive Expansion Across Africa and Beyond - TechAfrica News,TechAfrica News,https://news.google.com/rss/articles/CBMisAFBVV95cUxON2dqQ1NRY0lKekE5QjZiUGo5TlZXV0x6MldaZDVEOGlyNGJtc3FTUG16c2dUWXkxay1jU3FXN0RhYTZlajVlZGVVWWpRZnBKZGEwNVpCWFRjVER3ZklhN0FwTEVNODFKUld6YjE4Q3ZyX1BkU3I3ZWlRRTZKWHY1QmIydlVkQkprVjlMejVZVkJOTmtFYUFpSV91TUMwNXZOeVRUcHFGMkQtdjBldFNTSg?oc=5,"Fri, 12 Sep 2025 07:00:00 GMT",1,expansion,Company is investing in technology. Position Liatrio as their transformation partner.
1,3M,17.5,Security & Compliance,Preparing for CMMC Implementation - GovCIO Media & Research,GovCIO Media & Research,https://news.google.com/rss/articles/CBMiakFVX3lxTE5WVDJ6TmYtbGh5RGVXaFFMZEd5SDFYZFBGcTcwU0lsSmpveXlpLTdMRUduQ0FuOTVyOXUwcFV3ODIwTTk5WnZlbUFZbXlYaS1hNnRHeUxzSXo0VkdtdFpmZGkwREtkdDhpSHc?oc=5,"Fri, 30 Jan 2026 17:14:27 GMT",1,CMMC,Liatrio integrates security into the software delivery pipeline. Offer a DevSecOps assessment.
1,3M,17.5,Security & Compliance,How the Navy is Scaling Zero Trust With Flank Speed - GovCIO Media & Research,GovCIO Media & Research,https://news.google.com/rss/articles/CBMiggFBVV95cUxPVnVSaTBRXzlpbXNrM2ptNU9yTjRkNmRqNnIyYWNwMXRid25ocTZ1X3FPbTY2YlFSRDBrQzIzNFNQYzAzTUswSWR4M1VWWlJoODJjeVI1QlNYU19ITkpSTm5HVGlxOVJuUnlyTGVlXzQxRVJzMDZYU1NCYkhDbHl0WHZ3?oc=5,"Fri, 19 Dec 2025 08:00:00 GMT",1,zero trust,Liatrio integrates security into the software delivery pipeline. Offer a DevSecOps assessment.
1,3M,17.5,Security & Compliance,Beyond Zero Trust: OT Security in Focus Amid Shutdown - GovCIO Media & Research,GovCIO Media & Research,https://news.google.com/rss/articles/CBMigwFBVV95cUxPdTUzc1RZYWt5SnBBenZDNlB6alZ2bDdneVhiYV9LOV81ajF2NWNGRkxxOTVOOUpnMkFaSk9acERQTUR5dS1yYUE0c1hLbXdZcGoyQVVJQ3EwRlptcGJTOWRzS3gtVzF5Ny1OTkI5dXJ6M2ZKVlBNNS1vOE5hU1FJSkpEcw?oc=5,"Tue, 21 Oct 2025 07:00:00 GMT",1,zero trust,Liatrio integrates security into the software delivery pipeline. Offer a DevSecOps assessment.
1,3M,17.5,Digital Transformation,3M eyes digital transformation with C3 IoT - Supply Chain Digital Magazine,Supply Chain Digital Magazine,https://news.google.com/rss/articles/CBMikwFBVV95cUxPbXBFaFR6Sm9USHJ6c09pTTdYd05TdjRMV25CTkdiZk8tWGdZQUI3ZnJQdW1qUldQV00tanlKcHpTQ1lSam54dGs2cVpadFpZN0dSdldTdnUxWkRFaVFBVHY0ZTFXbTJQakU4dVRtcjVSdjFOeDRWR2U5X3I5WU5sVGtaY0t1Y0dtSXZvMVY3S0J4NE0?oc=5,"Wed, 26 Jan 2022 13:40:13 GMT",1,digital transformation,"Liatrio drives holistic transformation across people, process, and technology. Reference the leadership change and offer a strategy session."
1,3M,17.5,Digital Transformation,3M Company – Digital Transformation Strategies - globaldata.com,globaldata.com,https://news.google.com/rss/articles/CBMiggFBVV95cUxQVV9RY0w4T25wWThFTkd6c3l5bVFzc2RSX0hsTlhaS0JMNkFxQzZ6RU1mVFpDOWtNOWNqX2E0aENyaDc3ZU9iVHdGSlllVThKS2U5SUpDLU5JaWQzMjRpNElSX0Z5OUxjck1BY3RJd0JkMlVhZ2Iwb1hZeFRlREhGeEt3?oc=5,"Mon, 25 Jul 2022 07:00:00 GMT",1,digital transformation,"Liatrio drives holistic transformation across people, process, and technology. Reference the leadership change and offer a strategy session."
1,3M,17.5,Digital Transformation,Luxembourg granted €44.3m in digital transformation tax credits in 2024 - Luxembourg Times,Luxembourg Times,https://news.google.com/rss/articles/CBMixgFBVV95cUxOOWRXUEc3R0NNRERDT3VTMjI1QVNUbzdrbHk1Ym5PcXdTUy1XMXA5ZmlKZlBtTW5GYzJuOUpQSVktenVEdVhpNkozb3JTdEZQUmpCNkhmaHJocHNKWHR4dGRIR3hPTUdrMFY2bUJKbHhwVm1fTGJQOHFsYkc3OUNMcUJNbXh1RGNDaDRGa3QzY2JaZjNVRnllR3EtN09PSlRmZnZVRDh1Q3BLMG5UVEMtWTFpVFBGUzdObDg4cFYzcFlDb2ZpckE?oc=5,"Fri, 11 Jul 2025 07:00:00 GMT",1,digital transformation,"Liatrio drives holistic transformation across people, process, and technology. Reference the leadership change and offer a strategy session."
1,3M,17.5,Digital Transformation,Agencies Take on IT Modernization - GovCIO Media & Research,GovCIO Media & Research,https://news.google.com/rss/articles/CBMiakFVX3lxTFBlTVcyUXJwcTA2bXVOZ1BYN1dLS1hRTzM4MTFOMDV3SXpsQ3NaVk9adFJQd1ZONjREV2pqTzQ2M0VZbm4xTkNkdzdtdzQ0a0NvUl9QeVhKNGFfbTZUZTM2cTZBQ3YzTmloa2c?oc=5,"Thu, 05 Feb 2026 08:00:00 GMT",1,IT modernization,"Liatrio drives holistic transformation across people, process, and technology. Reference the leadership change and offer a strategy session."
1,3M,17.5,Digital Transformation,"Congress Ends Shutdown, Locks in Billions for Federal IT Modernization - GovCIO Media & Research",GovCIO Media & Research,https://news.google.com/rss/articles/CBMimgFBVV95cUxPU0I3WDdKRUV1SS11bEx4a182OGgwOVpPSURUbk90ZjNEek1jb2FsNHNCekZQbFRyYVprTUNzT3ZOdm1qZ3JLSzdNQmRNOWZDdEhUYUdfTGE0UVBYOTBoQVg5Ty03alprLUVUYVZWblRCaUtyanpqUTJzcldBOW9ZbHZlbGhqSEFpM05MSll0R2VFY211Y1NfdGJ3?oc=5,"Tue, 03 Feb 2026 08:00:00 GMT",1,IT modernization,"Liatrio drives holistic transformation across people, process, and technology. Reference the leadership change and offer a strategy session."
1,3M,17.5,Digital Transformation,"How Harris, Walz Have Supported IT Modernization, AI Policy - GovCIO Media & Research",GovCIO Media & Research,https://news.google.com/rss/articles/CBMiigFBVV95cUxPanN5LVJ4OXpRRzl4NUFwUlZKVTVfNnNHRi10cDhMTzc5QTVNWUM4aVYzT0d0MVk4VEVZbHVIdW5hb1FjMlBZY1FfREd3dElFNEdGY3ltSnoyajl6bmw1WmxsejhrVnRGUVctS25oRHRHU192M0pPaHRJbEdPdEg0amVFVG9Fd0ZpMUE?oc=5,"Thu, 08 Aug 2024 07:00:00 GMT",1,IT modernization,"Liatrio drives holistic transformation across people, process, and technology. Reference the leadership change and offer a strategy session."
1,3M,17.5,Digital Transformation,Air Force Faces Culture Challenges to IT Modernization - GovCIO Media & Research,GovCIO Media & Research,https://news.google.com/rss/articles/CBMihgFBVV95cUxNN0JWNDNjdm9VQi1XakZjaFo1MUxOdVNTOXpuMVBIM3dJX1QzUWZNSHFMRzgtN0p6U0pHb3RQLWVRTUZLQ1Bsa2F5eHdMb00zOU5iMVZGZWVrRnI4aFlaU0h4dDJaM1FhY1dxUWc4cFp6RUZOUGtxNXpwWXpkWVU3dUFPQU5HQQ?oc=5,"Fri, 23 Sep 2022 07:00:00 GMT",1,IT modernization,"Liatrio drives holistic transformation across people, process, and technology. Reference the leadership change and offer a strategy session."
2,Lockheed Martin,17.0,DevOps & Platform Engineering,"Lockheed Martin Flies Real-Time, Mission Enabling Kubernetes Onboard U-2 - Space Daily",Space Daily,https://news.google.com/rss/articles/CBMioAFBVV95cUxQMmh1Z1o1VnBKYnV4XzBNX01LcEJzSUllS1cwT3NuWU54MFdWSGpOSG9YTEk4eFN2YWlwUlFTdllLeDgxM01aY0pZd2ZDWVNrS29IcXo2UkNZOE1EVEFweUIxcXRHRkNCSk1zRnlsVURKLWdJaWMzdjlmVlA1QVpfZjZzX3VaVkxJNHpFSkVOQXh1MFhjNFZNX2hVNzBCQTkx?oc=5,"Tue, 24 Mar 2026 09:53:00 GMT",1.5,Kubernetes,Liatrio builds internal developer platforms that accelerate delivery. Offer a DevOps maturity assessment.
2,Lockheed Martin,17.0,Digital Transformation,Navy to unveil new ‘structured piloting’ framework for IT modernization - DefenseScoop,DefenseScoop,https://news.google.com/rss/articles/CBMikgFBVV95cUxOWmxFOGV1ZF9KbG1kYkNoMm43QVo2YUl1Tk5PaGNkdzBqRHRzdGZtU0ZVMnJUeXJZSjFlemhkYkJTOFNXYkp4V25TWTJNdFA4Q1JoeGQwbFUzOGpHNTdMaVBEOG80UkcwODViMWFvbFktUkVjUzB6TGVqTndCdkl4RU5MSGVkR253T1g1QXlvRmQ4dw?oc=5,"Wed, 24 Apr 2024 07:00:00 GMT",1.5,IT modernization,"Liatrio drives holistic transformation across people, process, and technology. Reference the leadership change and offer a strategy session."
2,Lockheed Martin,17.0,Enterprise AI,Astris AI for Government™ Solutions to Accelerate Secure AI Adoption Across the Public Sector - Lockheed Martin,Lockheed Martin,https://news.google.com/rss/articles/CBMi1AFBVV95cUxNbFVXRzVuWGhQYjEtU09QSktDMEZWMDdWMThtbEJIdHpFZ3hvdzE4SERLM2JLZldNTWdaS3NfYzdTRFM0T2JDVHFFa1p4NW00aGtqT0I1b3ZXQ2t5NEZ0NDQ1b1l0QlZTM1ZhZ3FhTmVXTUhoRXB6VlVPU1lDd3FBVzMydGxaU2JPNVhqZi1qcHVkTlJuMW5nNENqeWZDU255WUFxYjZRN0lxRWh4QnBlYnJ3U0ZjZ1ljMEI3dmtQd0pSZmFOY0FEY3NEU3cyR0hTM1RhWQ?oc=5,"Thu, 11 Dec 2025 08:00:00 GMT",1,AI adoption,Liatrio helps enterprises move from AI pilots to production-scale AI. Offer an AI Strategy Session.
2,Lockheed Martin,17.0,Enterprise AI,Lockheed Martin and Google Public Sector to Bring Generative AI to On-Premise Infrastructure for National Security - PR Newswire,PR Newswire,https://news.google.com/rss/articles/CBMi_wFBVV95cUxOTGt3S09TOG5xLXVhVlFEZFduOWw4X01tR0tHcVVUeUtGMmI1cXpLNHJ4TjVlQ1dSRWw1bVdXMUw1dHN3aUt1TmNOOThMR1dQT3dNSXZmcjRvOFdiNHBvdTNpN3VscTZFY083RkJVYXRfWldUdC0zbHVVNnhmbnFXR0hKOUJES2tqNk1uQUZRUnlKNGZMSlJXaHN4MXJJakNQUDZxQXhvV2hGeFBsYUxUQ29xaU55eTA2S0pqUjFYUlByR1BSQTZMODl5Y3FOUHZyNE9GdkZPbzdKU2xYWk5MMF9CWkNTQ05nSW1nU2pqYjJXdWdROHkyTnZ3cy1nNlk?oc=5,"Wed, 29 Oct 2025 07:00:00 GMT",1,generative AI,Liatrio helps enterprises move from AI pilots to production-scale AI. Offer an AI Strategy Session.
2,Lockheed Martin,17.0,DevOps & Platform Engineering,U.S. Army accelerates DevOps software modernisation for HIMARS and long-range fires - Defence Industry Europe,Defence Industry Europe,https://news.google.com/rss/articles/CBMisAFBVV95cUxQS3JMRTJNSUprQ1VBajdaNXpjUFFDNklld0RWb054QTFhZXE5YjZtbUdEOGxGdXc2b0xJcXlZcGpIWEZ6c3pmbVd4blM4RWt6STI1R3N2a0RhVlJDTkJzVHpla0pZVkxCeTJKOXZIMXo1Q2RZbWtJQ2xDeDluamM3dlR5UzJfNGNEZmJnX3cxVXdkSG5HZXB6LVFxVTNLdUx5OUJrSjRFZjRDWTdaek1GSw?oc=5,"Sun, 03 Aug 2025 07:00:00 GMT",1,DevOps,Liatrio builds internal developer platforms that accelerate delivery. Offer a DevOps maturity assessment.
2,Lockheed Martin,17.0,Security & Compliance,Vasion Achieves FedRAMP High Authorization With DISA Sponsorship - TechBuzz News,TechBuzz News,https://news.google.com/rss/articles/CBMifEFVX3lxTE1qMnBud0xWYXNBQ294THgtbGRPc1E5bC1xcjhYYUtETExyYnZCbnVpWnZ5Tmx1aFprQTBxYk5oZHdlckJUd1BMQ3VHSEhuSmxKOUE3aWtzVDYyZ0VHNWw0LTVvZTVmSGE5SnpOb0VBdkVCWHhtOGt1NGxuWks?oc=5,"Wed, 18 Feb 2026 08:00:00 GMT",1,FedRAMP,Liatrio integrates security into the software delivery pipeline. Offer a DevSecOps assessment.
2,Lockheed Martin,17.0,Security & Compliance,Upcoming CMMC Requirements - Lockheed Martin,Lockheed Martin,https://news.google.com/rss/articles/CBMisAFBVV95cUxPS2Rxc1FxODVKNGFSS0J6aF82Sk9lQ3RSSmxZeWVWNzZqYnhtbjVON0JyTHVQNmRFSXNWcWZ1N29xSGMyaFU5TktJOGlsc0lRdHRWQ29ETzRRWkZvS1VmUEdjT2ZsRnlNMUlGdDZIcHVlZFlvekp5U192UkFxTGQ4dHRZZ3VUMGM2eFBEQjJHejF0SHY1RlNPWURGUll1YUFVcWhDSVZFYkNmeXZQTFpsLQ?oc=5,"Thu, 30 Oct 2025 07:00:00 GMT",1,CMMC,Liatrio integrates security into the software delivery pipeline. Offer a DevSecOps assessment.
2,Lockheed Martin,17.0,Security & Compliance,Lockheed Martin's DevSecOps Transformation Journey - Amazon Web Services,Amazon Web Services,https://news.google.com/rss/articles/CBMiX0FVX3lxTE9HbzEwSG9fdFd5eUkzUVZaZUZXS1NBWmVkMmxqWWtmUV9LRlhlMFZ4WmhVV1B3R2c1a2tLZjhUTVNqNXU5eE9UX0hPSGEtcjEwcTRkWW9vbmpBRHhzWjBn?oc=5,"Tue, 27 Jan 2026 14:57:34 GMT",1,DevSecOps,Liatrio integrates security into the software delivery pipeline. Offer a DevSecOps assessment.
2,Lockheed Martin,17.0,Security & Compliance,Document CMMC Status in Exostar - Lockheed Martin,Lockheed Martin,https://news.google.com/rss/articles/CBMipwFBVV95cUxNczZvMHFmNzNGVDhsUXVmMWZPdnVqd2hmMnNMVWpJbzZuZHI3bWFIZ0FoTGM1ZkZ2Z2gtSndWclJHZTBUUFpEOWhkVDdsRmRCMWFxN2ZWc2F0cXUwemdiYVZ4M1ZKQXN4YWZXcGZJNHotN0tlMEdLQ2tCOWlIUEFkSEJDdDRGam9YbU9DX3E3MTRFbDFFTGQtZXJHUGVGUVY2VHoySmhLZw?oc=5,"Mon, 01 Dec 2025 08:00:00 GMT",1,CMMC,Liatrio integrates security into the software delivery pipeline. Offer a DevSecOps assessment.
2,Lockheed Martin,17.0,Security & Compliance,Readiness for CMMC - Lockheed Martin,Lockheed Martin,https://news.google.com/rss/articles/CBMioAFBVV95cUxOS1JGT3VneEZQOXJMVW8yTDFxRkxfekhROU5hV3R0U3NSclR0U1lXTDhFcTluM2cxd01EVE4wQVdfWGxiUmNzU19lNTZpclhnUW9Cbzk0M2J4YlQyRmstVk5wdjZHWE96Q0M4cGwxRzdjVjF1Mmc4MFVVekx1MF9rRXg5cjNPLW16di01Zm9IX3EzaHltUXIzUzJJdzItN3RQ?oc=5,"Mon, 29 Sep 2025 07:00:00 GMT",1,CMMC,Liatrio integrates security into the software delivery pipeline. Offer a DevSecOps assessment.
2,Lockheed Martin,17.0,Security & Compliance,"CMMC is coming, but most contractors still have a long road to full compliance - cybersecuritydive.com",cybersecuritydive.com,https://news.google.com/rss/articles/CBMilgFBVV95cUxPejBweFNaOE5YalN2bEJvNnp4cHZjR2djOHg4SFpEc0FXMUo2VWV6ZExTYy14b3I2TncydmdyNGJ1dnNmR0duLTd0VmFpTkVZMW5lMHBkOTdneVRCcS1NdUVhQWlnMFNuc1JFV1ZOR1ZabUd1OVlxWnkwSE5qNVpXZjkzZ2xWRENQWk5mNFhwa3Fad09XakE?oc=5,"Wed, 01 Oct 2025 07:00:00 GMT",1,CMMC,Liatrio integrates security into the software delivery pipeline. Offer a DevSecOps assessment.
2,Lockheed Martin,17.0,Digital Transformation,Lockheed Martin’s CIO On Digital Transformation And Culture Of Purpose - Forbes,Forbes,https://news.google.com/rss/articles/CBMivAFBVV95cUxQNW5QX0M0SmkzNnF2RmlfckgxaHZFekdUZm1wbVZTbndlWEpYRGNfb3BSR09ZaFUtdk52RkI0MEd4VTk5ZDlNWHlBYmlhbDFnSG0tRWhzMDh4UDdQS1gzbXE4UEV2c0Y2X2dwSGtMU3F6SjNpQTZkRGhJbTd1TjA2QVViSTZyZWxSdmlOVExxdDMwUHNOTmNrTDFtSW1UT25lUjFaR1RrNVpySkFuVHdPSFptczVvYk1QejlBLQ?oc=5,"Mon, 20 Oct 2025 07:00:00 GMT",1,digital transformation,"Liatrio drives holistic transformation across people, process, and technology. Reference the leadership change and offer a strategy session."
2,Lockheed Martin,17.0,Digital Transformation,Maria Demaree on Lockheed’s Digital Transformation Program - ExecutiveBiz,ExecutiveBiz,https://news.google.com/rss/articles/CBMikgFBVV95cUxNSTMzVnA4NkNveXhsSWllZktMMHdwTGFVWnBpRzFldVQyY3RUNWRpR1pnamFpN1dSTG1SNFkwUHpVRnhVczR5M2JBZkxTRmlUZDFuVXpoYjRHc3htUGRyUmpUM1R4UXRCLVhWcngtb19ZcmppSE9zcXZTTHNoTHk1dDZDWWJaaTNBclR0cGs0ZHhEUQ?oc=5,"Wed, 08 Oct 2025 07:00:00 GMT",1,digital transformation,"Liatrio drives holistic transformation across people, process, and technology. Reference the leadership change and offer a strategy session."
2,Lockheed Martin,17.0,Digital Transformation,Digital Transformation and Operational Improvements - Lockheed Martin,Lockheed Martin,https://news.google.com/rss/articles/CBMiuAFBVV95cUxPWWh2NVoyaTRVOXd4ZWVkQVA0NmE1cUlHbEp4emZEeHV2dWJkYnZadjZESklTRXdPS1JDLTNQVTEtU2FUSEVuSzhRMnVqMGlnenlBQ1BsWDJPM2ZnbXUyOVRHcWtkY09LNkFPa3lmdjdLSXdua2R6RlphZDZaUGZTSmw0ZEE4REFxMEdVa0d4b2ZVejdSMXhpRUU0czRka3MzTzBVcnBzNUg3QVRFMlRXd3p5ZHpPSTRB?oc=5,"Tue, 13 Aug 2024 07:00:00 GMT",1,digital transformation,"Liatrio drives holistic transformation across people, process, and technology. Reference the leadership change and offer a strategy session."
2,Lockheed Martin,17.0,Digital Transformation,Lockheed Martin Appoints Dr. Craig Martell as New CTO - WashingtonExec,WashingtonExec,https://news.google.com/rss/articles/CBMikgFBVV95cUxOLW9SanFCdi0wT1hSX2g5eHRyUHBtWGI5SG5Ub0llY0VtSlVlcUZMUHhhNm9XYXUtVzNKU2JpZFVSR3A5R0toYlA0STQxbm5jTmxFWDV2dkwtV29YOFkyU1hfQjY2eTFrZ3F1dFk0YVNKaDNtN3VnSWU4bGZEOUpMd0NmR05DTThPRVg2dnEzQkFPZw?oc=5,"Tue, 17 Jun 2025 07:00:00 GMT",1,new CTO,"Liatrio drives holistic transformation across people, process, and technology. Reference the leadership change and offer a strategy session."
2,Lockheed Martin,17.0,Digital Transformation,Jeff Baur Offers Glimpse Into Navy Logistics IT Modernization Progress - ExecutiveGov,ExecutiveGov,https://news.google.com/rss/articles/CBMijwFBVV95cUxNc1VTOG10YlZoTGRyTFA5OU5xdXZyLVB1bXFlTVhkUzhjUjUwZEp0WFBycjFHazZxYk4tTDd4V0sxa2IxUUZYVUE1YW50bzE0cHBGOTlmWDN6dTBkbUR3NEJUUHdxTmI2ZUpIT2xpX2E4SklDY1RaOXRFZ2J2QW1sS0ZVOG9UREVqMElFRlVpTQ?oc=5,"Mon, 21 Oct 2024 07:00:00 GMT",1,IT modernization,"Liatrio drives holistic transformation across people, process, and technology. Reference the leadership change and offer a strategy session."
3,Honeywell,14.0,Security & Compliance,Zenith Live 2025: Zero Trust and AI for Digital Transformation - Zscaler,Zscaler,https://news.google.com/rss/articles/CBMiWEFVX3lxTFB3QVA5U1hIYWFNNDVtNERpTnNXZzJZXzY3N0Yta2U1UnczZWw1V0Rqa1Rja2Z6YkJnSndhV2ljakdaMkRXdTI3a3p2TWVrTWQwWk1mVWtKeGs?oc=5,"Mon, 07 Jul 2025 16:31:37 GMT",2,"zero trust, digital transformation",Liatrio integrates security into the software delivery pipeline. Offer a DevSecOps assessment.
3,Honeywell,14.0,Security & Compliance,"Identity, Zero Trust, and Secure OTA: The New Baseline for IoT Defense - IoT Evolution World",IoT Evolution World,https://news.google.com/rss/articles/CBMiqAFBVV95cUxOb2JrMW5qX3BGMnZ3RTdta3g1MVBFbGQ1eXlJZlFZQU1RZ1RGbHh5TWhnbXIzOEFoaU5oYmlyQ0tHeGFZalRKTVpFTThPWWxtVnNLQlh1WnBXZnZCSllhRFk0eGh0V0pWMVh5aVo1WHFYdzFoSXlrcU5EVXMzb0JhWmNPYlBNMlFKM01TbEFLeDBDVGhuTXVBcGhsOGtFZWg5S1duTU8xaEo?oc=5,"Wed, 11 Mar 2026 07:00:00 GMT",1.5,zero trust,Liatrio integrates security into the software delivery pipeline. Offer a DevSecOps assessment.
3,Honeywell,14.0,Digital Transformation,"Airbus, Honeywell, Lockheed Martin, RTX, and Safran Lead in Digital Transformation Among Aerospace and Defense Manufacturers, According to ABI Research Index - PR Newswire",PR Newswire,https://news.google.com/rss/articles/CBMisgJBVV95cUxQbDdqOGgxakpVSUFMc25NOE5PYVVPLWNrblJQTkx0d05NUGRLQkFnVGtyc3V5QUFzQ2RTQnpzUU9rZlhITW9HZC1EakdLLXg4MWhkMjhoQ1VJdlUxX2lISnl5Uy1QNEV6NEdlakJXNDF4Nnp3alF6NVI5NGJBRjVSd3piUGVwaUFEbWJQYWdfRUwweEdJTS1iZjMxZWthTVZKOUFyVGk5c25RS0NOWXRpcFI3TUxFeC14NkdDQy1PSVUtMVVyNGg1VmJvUWhpbzQwWFVHaDk3UXRCR0IzdDZ0REFKQU9zU1RFdEQ1UXVkNFpIc3lYbGduSXVtQzQ0d0FvcGdVejdIVUFtN3pYRFdmRW9tQnc3ZjBnMXQ5RGx0eWp6Y1dEenlnM29CSFIzNFpLM1E?oc=5,"Thu, 18 Sep 2025 07:00:00 GMT",1.5,digital transformation,"Liatrio drives holistic transformation across people, process, and technology. Reference the leadership change and offer a strategy session."
3,Honeywell,14.0,DevOps & Platform Engineering,How to Avoid DevOps Security Pitfalls: 16 Experts Share Their Top Tips - Tripwire,Tripwire,https://news.google.com/rss/articles/CBMivwFBVV95cUxNbDRxQ2M0RkFJUEt1cWdLOTk4ZFBvTWNmY3J3ZmF3Z09fOV80N2QwT0M0RUhkUFZJeDdPX05CUXBub1BEaHhsbkcxb3lOVXRpX2x5cUVES2w1VXFPTDVFSE1INVp4THhXWHcyMEc3dC1BOUxqUGZTN0ZkVm1feHJVNHZyZDZXSE90RWNsTEd6ZzY1M3pfOEFlemtFS0d4cXQxQU5yT25CVTE5WHlPQ2c0MzNMWHdOclhGbUtpN3d6MA?oc=5,"Wed, 26 Sep 2018 07:00:00 GMT",1,DevOps,Liatrio builds internal developer platforms that accelerate delivery. Offer a DevOps maturity assessment.
3,Honeywell,14.0,Application Modernization,"Coforge Unveils Data Cosmos, AI-Powered Cloud-Native Data and Analytics Platform - varindia.com",varindia.com,https://news.google.com/rss/articles/CBMirgFBVV95cUxNTFk0V1prSmEwUER1STRPdU5UZXQzLW9WNGM0ck1kOHRPbUNVSWlkRlIwX0hMNTBOYmtuRjFVMzRFZ3cySzR2dmE4REFZRGx6NTJTWndReEQyUW5IMVNLcFpBNVhEaWVYSGhmZjk1TmFDYUtLTHVJT2gyVXc1MTl0b1I2ZmJ0ZmJlWmZBaGFxWlNGbi1la2F1c2ltSk9samJTVHpYVllDTHY1RkxYZ1E?oc=5,"Tue, 16 Dec 2025 08:00:00 GMT",1,cloud-native,"Liatrio turns legacy apps into cloud-native, AI-ready software. Offer a modernization roadmap."
3,Honeywell,14.0,Workforce Enablement,Honeywell unveil AI-assisted automation platform - Fire & Safety Journal Americas,Fire & Safety Journal Americas,https://news.google.com/rss/articles/CBMilAFBVV95cUxNWlB3cEpRdExydVdUVVNKNEdVUmZzRGJBMV8xV0lLOHF6RUNXeTBUc3h6OU1xeDV3cmY1YThXekZLZllPZGwyU3ZFWGdubnBFaGlsUXRQWVo1YkRXTTVycWdUa1QyTlBxblBjamFZcUdvZld2Q0hKOVIxdzZleVZGN1pBMmh4c0I2aHYtNm1iY3l6bmxh?oc=5,"Mon, 07 Apr 2025 07:00:00 GMT",1,SAFe,Liatrio coaches engineering teams to become high-performing. Offer a team enablement workshop.
3,Honeywell,14.0,Application Modernization,October/November 2021 - Meet Anthem: Honeywell’s First Cloud-Native Cockpit System | Avionics Digital Edition - interactive.aviationtoday.com,interactive.aviationtoday.com,https://news.google.com/rss/articles/CBMizwFBVV95cUxQV0hMLU90a1k0dzJsUEc2czFYWmdRVGpzdXA4NW9zMnp6Y0pTemRENnBnYlRKQ2JhdUpqeTJheDVzYXU5c2ZNbmVpRTZNbWRzcVA1ZUJlR3FSVTJUemZPZFBHYVAtcmd3elRNTG9YSVRfc3dIQ0UwVnZ0RHYtQjdCd1A1NDlXNXp6c0hOUm5rRkhqdU9kR0lhLVhiU0NJb2xTaDNSVGJGbk9acEhHR0RnTEgwcXVkeG1XOXJSdTlyWlJLd0hMc0JURHFOdmh1TDg?oc=5,"Thu, 07 Apr 2022 13:35:50 GMT",1,cloud-native,"Liatrio turns legacy apps into cloud-native, AI-ready software. Offer a modernization roadmap."
3,Honeywell,14.0,Security & Compliance,Why zero trust is the cornerstone of modern enterprise cybersecurity - Express Computer,Express Computer,https://news.google.com/rss/articles/CBMiuwFBVV95cUxPWXpYQnBWN2Y5djEtajVWaGh0NUo5Y1FSWWFBdXp1QjhZVGV6cjdtdzFZcXViZFExYUxlemRXZDZQZ1hkcnFjbW5fOXpsd2tKSjNpejdzUEhIX1g2UGhCVXNQUVpVUDVNT1RSY19uVTdQcFhIazdsZG0tUnN0Rk13M2JGLVFSckI5WlpjMFhHOUhfblhRS1c2dDZlejdma1AyT3ZtX1ZHZzRpb0RGSXFDd0ctTThQNFhsZzhR0gHAAUFVX3lxTE5mejJzS2RNOEZ0dTJXQTVLVjRuS19ieTVPQW9Zc0JGaEJYbWQzc3VGMEdYNHNIejB1WDl1U3YwbUoySWZyNTVlZDg2d0t0TXpJUGQ1WnkyVzBCeUlNckRULU1Sb2dCam45dFRGU3ROYy02aGlEMU1FczdIWFZ5S09KczkxZERmZHAycWJzRHVsTl9ZaXhGY0Y4eEFHWEpPZWp6ZVFTejB5Q3d5djdaYjltaTZNckkxaTFjT2NOQWg1bg?oc=5,"Wed, 04 Jun 2025 07:00:00 GMT",1,zero trust,Liatrio integrates security into the software delivery pipeline. Offer a DevSecOps assessment.
3,Honeywell,14.0,Digital Transformation,How Digital Transformation is Enhancing the Rail Travel Experience - Honeywell,Honeywell,https://news.google.com/rss/articles/CBMilwFBVV95cUxPM2hfOVBvMkpoWDlid0FnQmN4eXBSaWdUSGhXSWhVeVZObWdkRWVOeXpsN2VQZmFFTkdUSGdPNlZvSE5YNTgtQTYxSlFMVUxNQVYzNFU4aUx6VjVBenB5OXNvRGJMSUJjX2RCSFBGcUFVQ21sUUFWcWdRNzV2STdKaXZyanRyNnE0cDY0QzZSVjI5aGMzeV80?oc=5,"Thu, 12 Jun 2025 17:51:27 GMT",1,digital transformation,"Liatrio drives holistic transformation across people, process, and technology. Reference the leadership change and offer a strategy session."
3,Honeywell,14.0,Digital Transformation,Honeywell prioritises pragmatism in digital transformation - Mobile World Live,Mobile World Live,https://news.google.com/rss/articles/CBMiogFBVV95cUxQVnBhaHBNN0R3ZzZMZlJINHNZSWttQ3RPbUtjVTBXMG9DbWhxczhGal9vRFpWVVJQMWtDbzkzdjY3NG0xZTBDaXp2QVJYOGFnQTB2ek81b2djRjdMYU5jWERGcjVuQ3U3cHdIazYyVzlXS0taUWw5djJ1V3NzVXhYVFo3TC1Qc051dWhYRkdSMTJLSy1NdXViRUVTU2lxM19vaVE?oc=5,"Thu, 18 Sep 2025 07:00:00 GMT",1,digital transformation,"Liatrio drives holistic transformation across people, process, and technology. Reference the leadership change and offer a strategy session."
3,Honeywell,14.0,Digital Transformation,New Murabba and Honeywell Sign MoU to Advance Digital Transformation - وكالة الأنباء السعودية,وكالة الأنباء السعودية,https://news.google.com/rss/articles/CBMiREFVX3lxTE1SOGtqZzR4angxNHN3WUhBR1hXOFB6djNQM0NmVDBqbUNFS2dKZ0pQZDJWQUoweTRLT3I1ZzBqX3oxZVp6?oc=5,"Mon, 23 Mar 2026 07:04:32 GMT",1,digital transformation,"Liatrio drives holistic transformation across people, process, and technology. Reference the leadership change and offer a strategy session."
3,Honeywell,14.0,Digital Transformation,She helped build Disney's theme park database. Now Sheila Jordan is leading a $38.5 billion Fortune 500 giant's digital transformation efforts - Fortune,Fortune,https://news.google.com/rss/articles/CBMikgFBVV95cUxNeWtyS0hyMktLeDZTWTRIdlNPVkJsbGRDZGtuaUtreVd4SEw5dnJhN2ZpaWlHR1Z4ZVNROHlWN2JjMGYxVHNyN1NYTFdyVEZLcnRXSzRENHFiSEtKcHZLREU0bGV2dWhRTmVzUmpfYkVBMTByZ0x6NVpFWGJ2ZF9XR0gxZzJjc1RITk1vUmpvc1BkUQ?oc=5,"Fri, 13 Jun 2025 07:00:00 GMT",1,digital transformation,"Liatrio drives holistic transformation across people, process, and technology. Reference the leadership change and offer a strategy session."
4,General Dynamics,13.5,Security & Compliance,GDIT secures $120 million task order to deliver zero trust for global US Air Force bases - Industrial Cyber,Industrial Cyber,https://news.google.com/rss/articles/CBMivAFBVV95cUxNVmk5dDhNU20tbTdZVWp1b3VCck1iY1hNMmFpd1FVMVh3LUtIZGg0NWV0dGExMmVJZ0xtNERnR1QzTkZGakt1SjZibE5HQ2x1aEkxcjJuVnRwdms3aUZKS1ZMV3VJeXJOUkhXX1NOWi10VzhDQ0xsdlRaM0JpWnhHR05yNkFYVWw5aUNuVm45N0EwQkRyTmtUUTBiRjdwdGFjV1pzcEVzQ29uMTNDRXBIRkt3QXIxcHBGZUlSNg?oc=5,"Thu, 15 Jan 2026 08:00:00 GMT",1.5,zero trust,Liatrio integrates security into the software delivery pipeline. Offer a DevSecOps assessment.
4,General Dynamics,13.5,Digital Transformation,Budget Priorities and Digital Transformation Trends in Defense IT Spending Market Outlook 2026–2035 - WFMZ.com,WFMZ.com,https://news.google.com/rss/articles/CBMiqAJBVV95cUxOVWI0eUtQOFV5d2lqVGUtdkZHS0Nib29INDlZU2s0TG9mbFc2UlhnMEFndk53dHVfTllQeU50dHk2TWI3U3pORkc4ZmtpUUdvMW05ZXBUeXZEanZ3cFc5T29JVnQzYWRzZjUzUjZURkVJVWdkUG0xREsyR01FbE15eDNhWmkyTXNsVm9ObEtFY1dISzd5MkhTc19DZ2tnWEJ0OGpkNmFEWXFWOUlHeUZWUzJtblJrSE9YbC1IWTQ5YXhmR3ZzWHZtdGMxLVZjQUhwNlg3d0FlUlRiaEVMY2JNSlpQaEd0S2QyTjBkTGpUSXhSaTkzTElFbnRWX0tqeVBLMnFtdUxsa0QwNzZXV0ZMazR6dUpoU1Vfb2RWSzlMQzc4NmFMSm96MQ?oc=5,"Mon, 30 Mar 2026 02:15:00 GMT",1.5,digital transformation,"Liatrio drives holistic transformation across people, process, and technology. Reference the leadership change and offer a strategy session."
4,General Dynamics,13.5,Digital Transformation,CACI Wins $416M US Navy IT Modernization Contract - The Defense Post,The Defense Post,https://news.google.com/rss/articles/CBMibEFVX3lxTE1TZXUybDMtNzJSVk9KcDcxOEoxMGVVSExaV3NkekZYaml3NUVUTTVwaHZMVk1pVzEtMGtPeUtlMWNod1FmNEl1S01ON2JmbVRFN2dwdTV5eF84T0t6b2ZhaXZ6NEFzdUhRSDF4cNIBckFVX3lxTFBsa3UzZWd4VVV3bnZzMHBKd2xkc0p6VGpheHhCQU9UY1dteXAzQW0yYV9mS1JGS084V3ZfVC02VXE0WldyNGtJS29Ldm5FbVF1M2lFTEdoWjlPSzNNTnV1T2Q4LWRQal9EeTN6ZktLUS01Zw?oc=5,"Wed, 14 Jan 2026 08:00:00 GMT",1.5,IT modernization,"Liatrio drives holistic transformation across people, process, and technology. Reference the leadership change and offer a strategy session."
4,General Dynamics,13.5,DevOps & Platform Engineering,General Dynamics IT Business Wins $201M VA DevOps Support Task Order - GovCon Wire,GovCon Wire,https://news.google.com/rss/articles/CBMipgFBVV95cUxNU2Y3ZVF0aWtmZXAweHJKSjMxZmJub2pKNGJKX3h0ZjlLVmJ3QUtHUTV3VVBtVW1Sd2Y2eWpOXzJtUlE3VUtzd0x3YnVlM3hseGVPUDVUQV95WkZMQUE4NE0tME9Wbi14bDNWenRMQXMyYkVOVkJxOFFmMVVHSVd0UTVwYVFlck03YzFBUHZNVFRNQUx4WDlELXFqUUNMOVJjeFlyQzdR?oc=5,"Fri, 31 Jul 2020 07:00:00 GMT",1,DevOps,Liatrio builds internal developer platforms that accelerate delivery. Offer a DevOps maturity assessment.
4,General Dynamics,13.5,Cloud Migration,General Dynamics IT takes multicloud strategy to the next level - cio.com,cio.com,https://news.google.com/rss/articles/CBMipgFBVV95cUxPd1ZBR3p2VmpRc0ZQSmZldzQwbGxITEtuZm5jZUdOdzZoZGZTNENXYXJ6TzFpNDdSUHZEVEM1NDRKR0dnVWQ1TXI5S0xrbGdrNHV3NGJHcjkzWEI0TGw2bDNRdGFKNUt4clpZM3lnUktZd3JLWGg1OEhlVlpDd3UxTTVUWHlqeGwwVW12YVdSb1loQ3MxaktkWTFORmFQWW5NcldDSE9R?oc=5,"Fri, 12 May 2023 07:00:00 GMT",1,cloud strategy,Liatrio designs AI-ready cloud platforms. Offer a cloud migration assessment.
4,General Dynamics,13.5,Cloud Migration,GDIT Books $65M CMS Cloud Migration Support Contract; Kamal Narang Quoted - GovCon Wire,GovCon Wire,https://news.google.com/rss/articles/CBMikAFBVV95cUxOOUVseXNZUEZrckM0R3dhOFh5VWNEcDhrWXhCQVI1bXNwRHpjV1R5Qk5wM0Y1c0l6eHdwNFYyQmJ5WGhMaGhZdTFOaFA1X2x4b2p2d3VFWUhnRGhOTUh2MndXTXN0RGhpeFNYMnBZT29yUXhxenFZTm94UXFkXzVMY2xJREQxN3ltSkpTR1gycWg?oc=5,"Fri, 22 Jul 2022 07:00:00 GMT",1,cloud migration,Liatrio designs AI-ready cloud platforms. Offer a cloud migration assessment.
4,General Dynamics,13.5,Security & Compliance,General Dynamics IT books $120M Air Force zero trust contract - Washington Technology,Washington Technology,https://news.google.com/rss/articles/CBMiwAFBVV95cUxNWnNQdVhNaFhRalN1XzR2bGY4bGdQM25fNkh0NmJTV2VEMm1MOGhkQS1OTHpHMEdxUXhPbjlWbDU3c1hOWmVGVmhJZFZOZDBNU2RTaUxTQl85bFFDZ0ttYTc4Y2R3YzVKTFN5NEZFeUZkQS1ib2xTajQxQ1ItbU5Fd2tZVWxHOExTQzRwTnBPY3hORVdyR2U4Um9uQjI3QTZrMU1HSTYydWZKZUJtcmV1RzI2QUFwMnFsbWgxaU0yNk8?oc=5,"Thu, 15 Jan 2026 08:00:00 GMT",1,zero trust,Liatrio integrates security into the software delivery pipeline. Offer a DevSecOps assessment.
4,General Dynamics,13.5,Security & Compliance,AppGate Partners with GDIT to Provide Zero Trust Network Access for U.S. Air Force Next Generation Gateway Program - Business Wire,Business Wire,https://news.google.com/rss/articles/CBMigAJBVV95cUxPeWc2TWZqQWRDQjUyMXg2Y0R4dTRfMTd1MDVkZi1fY0dUaXh0dzVXNXJ1NFJQUVVPQkJCMzk5UHZwRVkxT2k4dEcyUFlWS1ROcXlrZzhaMDE0N3ItclNSQ2VJaFhBQUR3VG5ZZzJiLUl6N3U3VkNzLXhOT0ExdncxdFpULWlIVmJaRlk3WmF4YUVHMTMtcUY5MGo1ZmY3dENCcTRrNV9LV3JhZWhhWU1UdmtBY1pYOTdBT3NXam1Ca2N1RXRpS2gxTU9wdzJBSjBNdVc2STA2Ni1leXV0MUxlZi1nY2tybnM3UDdLWjZEeEwzeXNGRXFQLURQTVM2MzZy?oc=5,"Wed, 25 Mar 2026 12:09:32 GMT",1,zero trust,Liatrio integrates security into the software delivery pipeline. Offer a DevSecOps assessment.
4,General Dynamics,13.5,Digital Transformation,Cybersecurity Expert & IT Educator Samuel Donkor Leads Digital Transformation Security Efforts - NetNewsLedger,NetNewsLedger,https://news.google.com/rss/articles/CBMizwFBVV95cUxNRkY4eTFkT3VtRFhYZTRsdEdUeVF1RDN0TG9ucktxSDZMMWdyV3BfUnZWbjFNdWlweW1MbXZHOW1YNlVadFpkdG14VlhnT2duWThtdHBqZ2NNSHhISW55b0lEX1g5SDBVb0NZbHV5MnlDa3VxSVdyMmZLRklnVzR0cXR6eWxEV0xVYkM0a2FoeXJvWWVyYzFPV1gwdkhOX0wxcjVWQlo2cVZyeEVBMmxmUG9pa1dMVGpsVzVkTjZtd2djQkl4MEZQYnNsZWhyUlE?oc=5,"Tue, 16 Dec 2025 08:00:00 GMT",1,digital transformation,"Liatrio drives holistic transformation across people, process, and technology. Reference the leadership change and offer a strategy session."
4,General Dynamics,13.5,Digital Transformation,GDIT Awarded $1.5 Billion Enterprise IT Modernization Contract to Strengthen U.S. Strategic Command's Operational Readiness - PR Newswire,PR Newswire,https://news.google.com/rss/articles/CBMihgJBVV95cUxQdk9INFpNRWpLdFpXQjRSb3BDUk51MkJSOUJRdFpIQlVPckZBaWlHTHFKT0ZiU3NZcjNTWVpSVWxpcjZyS1pLajE4Y2kxQ0tBVmNsdVdJemlTQWVGS2t1T0pyYUZXNDFBUkhfTW5paEVyZmRKRTJIOTZmWDhfNnAzeGJvYVpfMzZCcmh4eGFnYnBtNVNlbDV2bUR4ZHZldTB5WWVCNlBGR0U4UkZnRmcyUUt2X0FpZEpuaEJFVVBMdUNYOXQ1SUN0bjlqbE81LXlkZ0xZU1luUXJpUG4teDg1czc3R012cGhQZGVDcmlsYUNqWnFfSjBOQzY5bGhkNzV4SkE3Q21n?oc=5,"Thu, 25 Sep 2025 07:00:00 GMT",1,IT modernization,"Liatrio drives holistic transformation across people, process, and technology. Reference the leadership change and offer a strategy session."
4,General Dynamics,13.5,Digital Transformation,Enterprise IT modernization to be provided to STRATCOM by GDIT - Military Embedded Systems,Military Embedded Systems,https://news.google.com/rss/articles/CBMipgFBVV95cUxPemJTNFNYR2h3NWhhcnV0Yjc4WG9FekNpeTlFMzZDeUhDYl9TU3JiVEpjcTU3QW9GS3dRX0FoUnBhSEhnOHdpUUNEaEJGMWN1UFh6TzZNWDRmYXpaeHpzb0hjczJqcHNPdE9BWUtyYl9VY3JYMm1fQmlMNWNYa20xWXNGWkZ5YVV1MUlISzh2MGVUV1N1VGFUV2tLdGhxdGtuN1hBX3JR?oc=5,"Fri, 26 Sep 2025 14:28:06 GMT",1,IT modernization,"Liatrio drives holistic transformation across people, process, and technology. Reference the leadership change and offer a strategy session."
4,General Dynamics,13.5,Digital Transformation,GDIT Lands $1.5B STRATCOM IT Modernization Contract - WashingtonExec,WashingtonExec,https://news.google.com/rss/articles/CBMijwFBVV95cUxPUkhiVnY1SGlNcEFPTkhCOE5ZTnV1WkxGRy1jenVaOTlhT0xVRUNuU3dFaFFoZmV1bUR6T1BYQ3V1YkNMVm1NaGtwd2hBdUdfU1FZTnVjUk8wblFoZURWdkdjS2tQcVE1Rlc1TmZqbF9mSmw1ajdVdnFHNTVMci1yTHlQNDlHQ0VwU3UxZV9JYw?oc=5,"Sun, 28 Sep 2025 07:00:00 GMT",1,IT modernization,"Liatrio drives holistic transformation across people, process, and technology. Reference the leadership change and offer a strategy session."
5,Chevron,13.0,DevOps & Platform Engineering,Sonatype Adds Cloud-Native Container and Kubernetes Security for Developers - Sonatype,Sonatype,https://news.google.com/rss/articles/CBMijwFBVV95cUxPbVBzT0xRWjJQOE00WEZ6U0M1YS1lR3VLSldicWVXUkRXV3hvbXpld1hLbHJMZ0N0NnNkYjJvTEVjRmZFN3p0UnR0RS1WUk1IMEtvMG5pTkYzUGlBblFPUWZWc1M2S0NTSTRrTTVlOUktb2N3QndWZlViTFY1UHR0TnlaRTJxdFIwSEZ6eC15VdIBnwFBVV95cUxPci0wOEw0TFpLbTZ1SFYxQzZyX2p5VERRYm10akJKWTRkVnplWnFJQzVvRk0wRFlnbUxaNjI3SzVvX1FWeDE3YWVTVjJZZFhMY2JFelB4ZEZKM1JUa2xfVlJqVE80SDhqWmVYR294dkJ1NUU2U3NhUWRiaWc0bTZXYnlNSjRabjRSVGh6NnpjV2RQMjJJNWg4bGQ1YXduZVU?oc=5,"Wed, 23 Apr 2025 07:23:52 GMT",3,"Kubernetes, container, cloud-native",Liatrio builds internal developer platforms that accelerate delivery. Offer a DevOps maturity assessment.
5,Chevron,13.0,Enterprise AI,Chevron AI Strategy: Analysis of AI Powered Dominance in Energy - Klover.ai,Klover.ai,https://news.google.com/rss/articles/CBMijgFBVV95cUxNSDFsZ1lJUWkyYnl1ZEpEa2pmWHJObVp2NWp6bVpGUnVVTGZBdEVhX1A1T3JoeXNrX1VJTUExM0FndlZoREdwMzZfaGFlRXhZZ3hGcEFrNHlUN3JPOE54OXVfVkNweEotdTRnbEd3NDI1b0VnMGJiRWNLd05kdXZPZm5rUk8yODU2bVliTFRR?oc=5,"Tue, 15 Jul 2025 07:00:00 GMT",1.5,AI strategy,Liatrio helps enterprises move from AI pilots to production-scale AI. Offer an AI Strategy Session.
5,Chevron,13.0,Security & Compliance,Xage secures $20 million additional funding as demand for zero trust offerings jumps - Industrial Cyber,Industrial Cyber,https://news.google.com/rss/articles/CBMitwFBVV95cUxNRVAtLWY5N2ljdndwOUppbGNlQ1F2UkQxbzBXRjhqUXFBbjUtNWFHZTY2alpob2tfWS1VcjJkN3J6SmdwS2pqOF83TC1WVE9ONFRMNkNmWUdGWUJhRVJDWFZiZ0lPcWNHdGN3WlNFZDVibWdqX2NNdWRKWV92S2lpdXRSTE1kQnNyY1daajBFZHF4dXRmNHJNaW9BNmo2ak1rV3MtamUzY2tFQXJOUmF2b1dGaXVyNms?oc=5,"Thu, 02 Nov 2023 07:00:00 GMT",1.5,zero trust,Liatrio integrates security into the software delivery pipeline. Offer a DevSecOps assessment.
5,Chevron,13.0,Enterprise AI,Chevron Powering Up (Literally) in Permian With Natural Gas-to-AI Strategy - Natural Gas Intelligence,Natural Gas Intelligence,https://news.google.com/rss/articles/CBMiqgFBVV95cUxPRlAtU05BUVQtOF9QbVp2RkctZ2pPV1ltMTR4ODNMMy1DNlRYZmllVmhxVDVIZ3BoZkdaWGgxUTVZVDBuSGl2V3JCNDZwXzBvMkxxaWlkWDNBeFdpbHlDZ3hZd2NtR25sbk9sUng5SFNGX0o5aEhMcnlHdmhnNUMxNm9wRVdBMlhyUHQtMUVDbnptMGxKWnJxTU55b3NrakFuZ3dUeThoamNUdw?oc=5,"Tue, 18 Nov 2025 08:00:00 GMT",1,AI strategy,Liatrio helps enterprises move from AI pilots to production-scale AI. Offer an AI Strategy Session.
5,Chevron,13.0,Enterprise AI,Oilfield Intelligence: Generative AI Applications Deliver Real-World Value - Society of Petroleum Engineers (SPE),Society of Petroleum Engineers (SPE),https://news.google.com/rss/articles/CBMipwFBVV95cUxOaU1zVWVXM1liRzdRMTdqMFRWRWdmT3ZfUWQ0bTlJanZ3NjVQRExiWUxZLUVQc2MyTzJkSUtKYnhaVG80MjhDWllBZk14UzBkSkpoQjVIZUUtaTRpYXNtLVhEVzBLUl9rU2tlcmZtczhiYjdmRjE2eTAxaExNdzRkWUtLQ2ZhSy0wTEtFS1Z0UWJZdE1teGFKcmVleWx6THM4eUJjMGx4UQ?oc=5,"Mon, 01 Sep 2025 07:00:00 GMT",1,generative AI,Liatrio helps enterprises move from AI pilots to production-scale AI. Offer an AI Strategy Session.
5,Chevron,13.0,Cloud Migration,From 30 days to 1: Chevron's cloud migration ROI in real numbers - VentureBeat,VentureBeat,https://news.google.com/rss/articles/CBMiqgFBVV95cUxOZDJBS1ZXWVJFZTZQYjR0S3NzMUlUR0hPNEhocUdRd0x4RGlQT1U3YXZLanl6d2hnZk81Sjk2a1dzeVZXQkpxS2pSVHloUGhGNzdxSElhd3ptWkRoSXl4UTFEWmJGZnRnWjh5cTBxS3FSTVZVZFIwR3kxMEtDbGRTTDU3ck0yaUs5QU5DMW5ORk42UGdSWl9JWWExTnFObkowQ043d3lnN1RDQQ?oc=5,"Tue, 01 Jul 2025 07:00:00 GMT",1,cloud migration,Liatrio designs AI-ready cloud platforms. Offer a cloud migration assessment.
5,Chevron,13.0,Digital Transformation,Digital Transformation Elevates Chevron Phillips Chemical Operations - blog.gettransport.com,blog.gettransport.com,https://news.google.com/rss/articles/CBMioAFBVV95cUxNY3NYWExTZmhVQWNxbXpHcjlSUFhFdlc2OUpKcTMwZHhvTjJlZkh5d0VhdjB0U2hlRGlJYUJYRnU5ZWJDa19SclNpOVUxTVItWXpGYVYwNHhTMExGSEZDOE0yalFUd2c3aFpXRFFMUEJvUTBtZXJFUTUxaUwwMmVHTjZ3T2pGMXNsWDFqU0tFamt6NnM5WU91eVVnc3p2WFlo?oc=5,"Thu, 18 Sep 2025 07:00:00 GMT",1,digital transformation,"Liatrio drives holistic transformation across people, process, and technology. Reference the leadership change and offer a strategy session."
5,Chevron,13.0,Digital Transformation,Chevron fuels digital transformation with new Microsoft partnership - Microsoft Source,Microsoft Source,https://news.google.com/rss/articles/CBMiqAFBVV95cUxQcEpLRkhFOVZmSmdOUjRFNndTLWhyVWVfVFRpUnFJYzBCZ0hieDdleVFmdFFINVBUV0lWQ1ZxN0lPZlFwcFRSQ2lSV1lIamhPNFgxcVVhWVo2M3FoWkZnX1hpTGdjUzgwMTh2bnlQTEU3TjgzdlctZU1tNmZWeGpSZUhjbElERnRoY1ZHSTdNdkJVQ0xXelY5dnRETkw3RUtMNUxWV01qVnQ?oc=5,"Mon, 30 Oct 2017 07:00:00 GMT",1,digital transformation,"Liatrio drives holistic transformation across people, process, and technology. Reference the leadership change and offer a strategy session."
5,Chevron,13.0,Strategic Signal,Chevron Lummus Global awarded contract for Assam refinery expansion project - Hydrocarbon Engineering,Hydrocarbon Engineering,https://news.google.com/rss/articles/CBMizgFBVV95cUxQb2tDZzB4SFlRcks4RkVHdFRnRFZydFZLRnlxUkgxVUh5SDJTSTF4TlZWM0FLMV9FMHZ3MThyUXZDdjhXRzB6NFROTkhsRkVMLXhyRWVuaDk0MTUzZUJMRi1LcTFpcjhTY0s3QlhiWWszSDNkQjFEVUt4ZUNXckczM3VYQ01ZZm1mc3dsclYzVTVfenFNZ0xJMU12VGNKeldQWHpMZGdIdDJucHBDcjVsR3AzNWZ1R3QwUnBJTFVWOV9aWEpIVGdkNTFfTE11QdIB0wFBVV95cUxPQkJGS25VeWNCNFI3RV9MUm1FNnBrR3lHWVFpdU1QQ1EzTDBLbnpzWFNNbEMtbE1nUlMtdnRPS3VMOUdEbHNzN1k4RTBYbHUtckZLc1ltaWVfV3hJRXVrUllpTFg0WUFYbkZlT1FjVFJ2VVM3VjRhNHlSanFkSkZIRlowVGM3Wm5mZk5WdXdkTnRWTWoySVdvOFF3c3NYQkJod21IVnJraklsT0JBa011V1FUV0doV1I0MDdTRmt0Nzl0SWNmYWZyTnpvTVpWMXBkbVVV?oc=5,"Tue, 02 Feb 2021 08:00:00 GMT",1,expansion,Company is investing in technology. Position Liatrio as their transformation partner.
5,Chevron,13.0,Strategic Signal,Chevron Lummus Global wins refinery expansion contract in India - Offshore Technology,Offshore Technology,https://news.google.com/rss/articles/CBMikAFBVV95cUxOaWV1V0N5ek1samxVNlAxYV9pQ2UyekV5QmRtZE5IQkxmdWxrblhMXzdVVVdRVWZHcTV4UWtHMy1LeGYxOFg4ajRpVEtIT2xFVC1IenNiRmdiT2lNUjNxaGRpem81cHllTnBfNEVvd0JUdTVmRWRoeTdhQnVmdWk4Mk02Smt5SWRtQ1VLdXd6NDM?oc=5,"Wed, 03 Feb 2021 08:00:00 GMT",1,expansion,Company is investing in technology. Position Liatrio as their transformation partner.
6,Leidos,12.0,Enterprise AI,"Leidos Leads Advancements in LLMs and Generative AI, Accelerating Trust and Strategic Partnerships - HPCwire",HPCwire,https://news.google.com/rss/articles/CBMi4AFBVV95cUxOdEJLazI5T3N1TzVSTWlwbXNTOFhxV3pUVERhT3BIX2cwVlZZeGpESzNwQXg3aUNWdmxzU0gzUnBub3dJWjF2YTJCQXp5WjNRclJodkJWRjFVTnlpOW1kb0N1TjNvRFRwbU44UW5NOVhGbDU3enF3Unh5MXM3aHU1d0E0RHJ2bm13NndHZ25INzdsaS1Bdjd3RERIbzVpSW1WdzJYSDJXNFZDX3hNQVdnQzQyejNETTlzU0M3SUh0TDlCa2JmMDJjdFVGME02VVBONHkxSDBfSmYyYjhBU0xJTQ?oc=5,"Fri, 20 Mar 2026 22:53:25 GMT",2,"generative AI, LLM",Liatrio helps enterprises move from AI pilots to production-scale AI. Offer an AI Strategy Session.
6,Leidos,12.0,Cloud Migration,DOD gearing up for EHR cloud migration with Leidos expected to score big contract extension - DefenseScoop,DefenseScoop,https://news.google.com/rss/articles/CBMioAFBVV95cUxQNXlhXzJ4N2pwaVVzT2hOLVhUb3FKM3pFZEpjNGhXaWd1NnJxM1B5M2FuMkk0bjdWdVlILWZKSTlKVVhZa2NGV3B6cDFuMkp6TTZkZWhpckdUbkZTQk03cTU3RVJtaWd3RFJESW5yS1F5YjVibFhtN2hEN3IxdmNMSUpLRnVEZDdsZk8wUHlwa0cteDF1YjJlWENBOXUzU0Rs?oc=5,"Wed, 23 Oct 2024 07:00:00 GMT",1.5,cloud migration,Liatrio designs AI-ready cloud platforms. Offer a cloud migration assessment.
6,Leidos,12.0,Digital Transformation,Why enterprise IT modernization matters now – and how to “delight by design” - Breaking Defense,Breaking Defense,https://news.google.com/rss/articles/CBMirgFBVV95cUxQNGE0SV9TTk9LWHBhMGVLb282RVBfcThRdnF5Skx3SnpVdFU3eXR2dW1CVnMyZFZfTXZ6Ym03dmhDZGFrdWFxOEZmNWRpWFFudE9qSWtoY0VuVnRtOExzY2xXTEx0QVF2Y0ROZGJfSUhROXJZUFZ4dVY0bEpKUHhheWNCRWRFMTYzZ0dGN1g0LTRQaWZlbzVOWGRCTEZxbXhvOHFQSW9fal8xY05PQ1E?oc=5,"Mon, 09 Feb 2026 08:00:00 GMT",1.5,IT modernization,"Liatrio drives holistic transformation across people, process, and technology. Reference the leadership change and offer a strategy session."
6,Leidos,12.0,Enterprise AI,Leidos Teams Up With Trustible to Automate AI Governance - ExecutiveBiz,ExecutiveBiz,https://news.google.com/rss/articles/CBMihAFBVV95cUxNcjA2UE8xM3JuYjRYS3JHcmFmMWlmczNsbVpDZFJWSFRiYzJrZDN2Q3RoQU1reEtiYjBDU2NFYmgtVzFvd2IxV2lHemJDU3c4WEtsTnVJQTR1YzQ4c2laT2dVdENmc2Mzcm5BWDYydjFaSk9uVVRnOF9RSFcyY3hGQlpxNVc?oc=5,"Thu, 05 Feb 2026 08:00:00 GMT",1,AI governance,Liatrio helps enterprises move from AI pilots to production-scale AI. Offer an AI Strategy Session.
6,Leidos,12.0,DevOps & Platform Engineering,Leidos Awarded Task Order to Provide DevOps to Citizenship and Immigration Services - PR Newswire,PR Newswire,https://news.google.com/rss/articles/CBMi1gFBVV95cUxOQ0hfamFpZm5iVnl3QXNXSkR0aU5fTE00NFZKSFFSbFhOUGhTYkNfWGxZUHFHcVVuRDc0NHh5cWk5TWJSd0xlbVRTdXhSa2RVWm0yMW1qV3VHSFlfcWpkY3RZUWhTTklTVEc4eHlkS2Y1UTZSVVhWVGZvU3dIeWlYdTZhYnF6M1ZEQzRDZ2J6VEw5ay1fX3NTblhPM2FCS0dsYXlDQUZuaVh0bll1SEs3RXhLdkhnOGw3QnJSV0pRNVgtSUVhQk0zcGZDcElYc1lVNzBJRnRR?oc=5,"Mon, 25 Feb 2019 08:00:00 GMT",1,DevOps,Liatrio builds internal developer platforms that accelerate delivery. Offer a DevOps maturity assessment.
6,Leidos,12.0,DevOps & Platform Engineering,Rise8 CEO on How Gov DevOps Teams Create Quality Software - ExecutiveBiz,ExecutiveBiz,https://news.google.com/rss/articles/CBMilAFBVV95cUxQOGlDaE9RYk80cjUwMzFSVEQ4dmNFUU9fWFVVUDNIazZ1YlIzMnJ5SllCWHhtTTJjMm12aTdxYnI4bTZJQ2tnNVpQR2tzd2VuYVJJNzlQVVVycUlyS0VqaWxIQmFKMzZUMklHb3B6UWw5QXhJbkUyZ3pYOTZMYWs3RnJfMnVGRldRQUg0Z1V3MjBFUUli?oc=5,"Wed, 20 Nov 2024 08:00:00 GMT",1,DevOps,Liatrio builds internal developer platforms that accelerate delivery. Offer a DevOps maturity assessment.
6,Leidos,12.0,Application Modernization,"Paul Wilkinson Appointed Leidos SVP, Digital Modernization Practice Area Leader - GovCon Wire",GovCon Wire,https://news.google.com/rss/articles/CBMiowFBVV95cUxOT1lnejQ2ZDRReFUwUHZ3N2tzRlc0Z2xmZE5laWNzXy1va0VUNWx4c25uUm91SWVfbEdVX04tMmVxeXBGUkdhS2tETHQtQnRRLUJLYk5ORkFpVFM3YU5vbU8wckgzczhVc296eVhQRW1JWHZVemQwZWY5YVVFbzRBdjBtN1BzbEFvUWgzRzktbWQ5U3hRNjc3cGQ4TUVfTHF1QXVz?oc=5,"Wed, 23 Oct 2024 07:00:00 GMT",1,digital modernization,"Liatrio turns legacy apps into cloud-native, AI-ready software. Offer a modernization roadmap."
6,Leidos,12.0,Digital Transformation,Leidos’ Paul Wilkinson Urges Federal Leaders to Prioritize Resilience in Digital Transformation - ExecutiveGov,ExecutiveGov,https://news.google.com/rss/articles/CBMimAFBVV95cUxPaWVEc0Vwa0FnSzEtWTcxY1BYUXhkbC1fV2QtcHZCTTVzWlc4OWRpUWU4UlZ2X2tPa04xWGZFNWRCTE0tVHlCNF8yTzE2TmkwYktrTDZLenRTVFJNV3Zla0tvdUJQNGk4SDJMWE9YTVRBRlJOaVJuLVh6ekU3TmdVeS1IN0pwaDlJSkUyOWF1bGhQUnN2YnFkdA?oc=5,"Tue, 28 Oct 2025 07:00:00 GMT",1,digital transformation,"Liatrio drives holistic transformation across people, process, and technology. Reference the leadership change and offer a strategy session."
6,Leidos,12.0,Security & Compliance,Revisiting CMMC and Cybersecurity: Insights from Leidos’ JR Williamson - WashingtonExec,WashingtonExec,https://news.google.com/rss/articles/CBMipwFBVV95cUxPV0JCb2ZubmVfX1pCQTBSSk9DeW9ILWdSSnBCRkdfc3FyOFpJTWx1SkpDOEMxUFFHRXdKVFNqRVJXSHBWTGNmSWEwZE5Ea2FPc29YbDh5Yjh2QkFXUDRHWThtVkY1YzdOSU5iTTlTQk5ZRllxbV95dXRyS1c4NXExNXktSU1DMzA0QnhidkJkbHkwSnA3RVpXWXh5Z0pkc0JSQ3d2RENidw?oc=5,"Mon, 01 Jan 2024 08:00:00 GMT",1,CMMC,Liatrio integrates security into the software delivery pipeline. Offer a DevSecOps assessment.
6,Leidos,12.0,Digital Transformation,Leidos and Sky Solutions launch Purple Sky joint venture to accelerate federal digital transformation - PR Newswire,PR Newswire,https://news.google.com/rss/articles/CBMi7gFBVV95cUxQOUJydnpTWmZfbUlIVXFCdTJIZXBkbkdya242LU51RXhBaV9abV91YU5iQVg2SUd3eGxvQmp1MmpHTFl5NUdScTRMZFRXbTF5amF5WmZFaHhQdFJHQWVLeGsyeFEwdG5HT2U4VlhVTElycXQtZF9hNnVXRFFTLVc0OGZJSzFhZ3RyUTl4V2NKdlJEbDFOYnNsZkY3TDQ2WWt2XzFidVl0UW5GaGk3YU5DLXI1Vi1KUW8zZlN3bkNPZ0laNlBOdDdLUGVnTmgydmw3TEtHbzJCcDJRMU5ocE9td3U3R29IZlVGd0tOQUdB?oc=5,"Wed, 24 Sep 2025 07:00:00 GMT",1,digital transformation,"Liatrio drives holistic transformation across people, process, and technology. Reference the leadership change and offer a strategy session."
7,General Electric,9.0,Enterprise AI,Worldwide Trends Overview: The Rapid Development of the Generative AI Market in the Energy Sector - openPR.com,openPR.com,https://news.google.com/rss/articles/CBMijwFBVV95cUxNNXV5aUpzeWdkLUNzTkFycnhKNDM4SmJzR094TEs4UWJkeUZrRWtZOHQ3SGhMUTVMMmNaQ05MX1h0cVpSbDJRRDJIVnZOYTVpRUFfY21hYUh0NW5fTWVNRmc4ZFpwRmVGR0xCN0VrWGtUczMtVmxwYjktbFJqY0ltUFB2ak8zeVZtT2RKOWhTZw?oc=5,"Tue, 17 Mar 2026 07:56:29 GMT",1.5,generative AI,Liatrio helps enterprises move from AI pilots to production-scale AI. Offer an AI Strategy Session.
7,General Electric,9.0,Digital Transformation,Royal Jordanian embraces digital transformation with GE Aerospace flight operations software suite - GE Aerospace,GE Aerospace,https://news.google.com/rss/articles/CBMixAFBVV95cUxOcmMxeHNPT0J2eGU0Y2ZKSWRJNWlySXRMbzctcEpKQW9US01UVjdnd2ZHTHRxQ3RoYUJFM0g4YzQ5YmFRQ1pJd3dVTmNMX1pQUWNOR0lPVEJpN0xUWHlfTUJoUHZBRWtGXy0tUW1tMkFmWGt3Mm9NWTRTYkZ1ZWFRQ1IwZVFLVXpMeWhtcUluaURSV0x3b1o5a2RldDRKMnJISVlHeEo2N2R4Zk5HcWJYOFFMYU9FamVKR0VnX2FhVVBKYldq?oc=5,"Tue, 08 Apr 2025 07:00:00 GMT",1.5,digital transformation,"Liatrio drives holistic transformation across people, process, and technology. Reference the leadership change and offer a strategy session."
7,General Electric,9.0,Application Modernization,Accelerate Operations Technology Data Insights with GE’s Cloud-Native Proficy Historian - Amazon Web Services,Amazon Web Services,https://news.google.com/rss/articles/CBMiuwFBVV95cUxNUXU1MTFfbGJYTU51SVR2NGtfSWx3NDdteS1uOEdJODBoa2xuSkszaHJLLXBFUTZGSmM1NERCenNhNFB3NENqN2trNTN0QTdhM0hBRU1fNDlIWkhPRFBPQTFCcExyajdNQUpLNGd0Z2x0V1pzbnl4dW0zd0RoX0xHcXBSbFVrdmQ1N25hVF9MZ1UwRGp0MHZlQWdZWkt4NkVOajA3YkNmSEZhWndGeHpHQVlCcjRUUmoyNHZZ?oc=5,"Wed, 20 Sep 2023 07:00:00 GMT",1,cloud-native,"Liatrio turns legacy apps into cloud-native, AI-ready software. Offer a modernization roadmap."
7,General Electric,9.0,Application Modernization,NATS Messaging Project Moves to Cloud Native Computing Foundation - eWeek,eWeek,https://news.google.com/rss/articles/CBMilgFBVV95cUxNWXBEcUtKZ1FjdEtlLVJlaDlOSlR2enhwLVFYY3p6ZWI1Wjkyem1VeHR6QmpYNkQzcG5WSDZNNGt5Z2V5M0ZpQ0FpdlZUeGxEZEw0eGNYOU1jTzY2b0h6a3hYTHNyelprZjRrWExEaWlDX21KdVJ0b1ZFMk1mekpGaTV0WldtVFkta1hNVE9lTDJBRVRCQ2c?oc=5,"Sun, 21 Feb 2021 11:27:22 GMT",1,cloud native,"Liatrio turns legacy apps into cloud-native, AI-ready software. Offer a modernization roadmap."
7,General Electric,9.0,Security & Compliance,Zscaler Appoints Sunil Frida as Chief Marketing Officer to Accelerate Growth in Zero Trust and AI Security Market - Quiver Quantitative,Quiver Quantitative,https://news.google.com/rss/articles/CBMi3wFBVV95cUxQSmlNZlZqOU45Z1RlR2x5a09QbXc2STZJcWRIbGhlZUVvUVZsaUtjZllTYVNlNUdJc2VwQ2ZLQjhjU293ZkV3SEdsYUx1ZEUwVDUzazIxMmJYaEtJRDYxaDlkaEdTaWVzdDhuSDZldUdPSkVsZXdmVGplLW1KWVVHTzJuVjQtYUdZRUVseVBzQmlCNFJ2YTJRWUdkQVc4UEdqcGRubkpKZ01yR2pLeFZkVTEtQnZPRjJhcVVHb3l6dHVHNlo2NDBtNVRSN3diNV9zYS00cTE5WFl6anNQNmdj?oc=5,"Mon, 05 Jan 2026 08:00:00 GMT",1,zero trust,Liatrio integrates security into the software delivery pipeline. Offer a DevSecOps assessment.
7,General Electric,9.0,Digital Transformation,Lessons learned from GE's Digital Transformation Failure - Intelligent Automation Network,Intelligent Automation Network,https://news.google.com/rss/articles/CBMiuAFBVV95cUxPRVBidzlIUnhZWWdzRTBRRS1kbVQzQWhMb3EwTDZLVmZQVEYwdEhEUkg3NTRuTGIxUUExWVhHcWY4cGtyUXQ5X0xycm9TbWhoY3VlcUtOd3d5Qml0WE11bjByZzdMM0JaNEZmODF6QmJad21HeGUzT0ppaEhSYjUweW1wN1VNRGhwSmE2bmRxalF1bHZGQkdzQWhpRmNPMWVLUGNVaGdIWHlhZnhYaFRBVnBtbTBsNkFv?oc=5,"Tue, 08 Mar 2022 08:00:00 GMT",1,digital transformation,"Liatrio drives holistic transformation across people, process, and technology. Reference the leadership change and offer a strategy session."
7,General Electric,9.0,Digital Transformation,Here’s The Digital Transformation That Revitalized GE Appliances - Forbes,Forbes,https://news.google.com/rss/articles/CBMitgFBVV95cUxPMnhuLUx4Nkx1TG1kSjRFb1hJUGdJTmRNS0lTaTI2SXV2VmhXbjVDa0lpcG9TSEpRZTRWck9HNnlCclB2dmlUX2NEMXRnQmp4Y3BuaXJvSFIzQ3pacGV0VFdVZEhxblhoSjdwemFQbWYzemNyRmFjNW5RZlJnTV9GUE9nOFBWOUotaFZjbk0tdFlnYVl0d3VvdWxENnluTndzMWZCMnR6Yi14LVMtZlpZNldTOFIzUQ?oc=5,"Thu, 29 Sep 2022 07:00:00 GMT",1,digital transformation,"Liatrio drives holistic transformation across people, process, and technology. Reference the leadership change and offer a strategy session."
7,General Electric,9.0,Digital Transformation,General Electric – Digital Transformation Strategies - globaldata.com,globaldata.com,https://news.google.com/rss/articles/CBMiigFBVV95cUxQb1hyZXl0a0FPNlo3T3ZJcG1jV2NMdWlGczBYekUxRHpJMVZLaDdNVzRlTDRTNVZoemdXcEdmVjJzZHQtbUhzeGRIakpKejJEdmo3Z1ItQmd5ZW11R1dia2FsY1oyUmE2aVhpUVF3YTdCZ0x2dFBWb2w3b2NUNTNvZkZmUVNmWFZsdFE?oc=5,"Tue, 29 Oct 2024 07:00:00 GMT",1,digital transformation,"Liatrio drives holistic transformation across people, process, and technology. Reference the leadership change and offer a strategy session."
8,Rockwell Automation,7.5,Enterprise AI,ROCKWELL AUTOMATION TO ADVANCE INDUSTRIAL INTELLIGENCE THROUGH EDGE-BASED GENERATIVE AI WITH NVIDIA NEMOTRON - PR Newswire,PR Newswire,https://news.google.com/rss/articles/CBMi_gFBVV95cUxOend6Vzd5dW5jV0RiaDdMMEJFTVdXR2dpeDktQ1lhZnF0SzRDb1liSnZNVmNod01vWFVpaDdxSk51c3VpZFV1OU9mOHU0czcxNURDdDFVblJKZjlLWmNBbjktS2ZSSmRCWkFPR1VFbC1KZ1NESDJCUTVSQWRYTVlibmVIaGhFckpQV2U2OFhGRW1wNzgtam83bF9MYmxnc19KQmdmTmM1V3NZQWhyZUdZYUFrT2NHMEhMV0dQWWNPRkFpZFRNcEwyMWVwdHlmMXlNSHQ5bl95TkFWWmVnOG53dnM1a3BqbGw2MTl6X3djZ2dHS1Y5TkhZVllYdno2QQ?oc=5,"Fri, 14 Nov 2025 08:00:00 GMT",1.5,generative AI,Liatrio helps enterprises move from AI pilots to production-scale AI. Offer an AI Strategy Session.
8,Rockwell Automation,7.5,Enterprise AI,Rockwell Automation: Advancing Industrial Intelligence with Edge-Based Generative AI Using NVIDIA Nemotron - ARC Advisory,ARC Advisory,https://news.google.com/rss/articles/CBMiuwFBVV95cUxONUVSVjZlR1ZHaFBnY0VySVRjYXc3c0ZnY0dTX3F1UVlEREVEVGl4UUpiSXF0WkpkMlhyTFh1cmJNOFI4eUZtVVBuV2hBQWVQYkl2MkV3c3VOTTFTOHpWUmVuenFYOUxhQlBVdjU3TGxYWEwxQXZaX3FmWkk1M3Y5V1FiOS1wVDVVd2JNTDVrXzY0cGtfRmgwNHcwdFJJTlJJVVVoTWw1WHBiQXdsRWdmUUV5Wmh2OVg3MzRB?oc=5,"Wed, 19 Nov 2025 08:00:00 GMT",1.5,generative AI,Liatrio helps enterprises move from AI pilots to production-scale AI. Offer an AI Strategy Session.
8,Rockwell Automation,7.5,Application Modernization,Rockwell Automation targets LatAm SMEs with cloud-native manufacturing platform - BNamericas,BNamericas,https://news.google.com/rss/articles/CBMiugFBVV95cUxQWDJwRm5SV3RfSXo5ZWtwelJub2tMeG42NUdKV2p4Q2xxQlVPV2hyZUFjWURlcnVwYTEyQ2I0RDdKdWR6RjJJNTFVRzhMUVowclM3LWJOcXBzUEhKLUtKVEZaUmhwMldTZEVNTmZucEpJRTVIbmpjcmxqQjg1dXJpbEN1TlhVOEtULXFLdjhMM25mejN0enljVU0tTEE0U2JqYzdjUTZMM1hXVm9YYTBsbkZ1OWR5V29hemc?oc=5,"Wed, 23 Apr 2025 07:00:00 GMT",1.5,cloud-native,"Liatrio turns legacy apps into cloud-native, AI-ready software. Offer a modernization roadmap."
8,Rockwell Automation,7.5,Strategic Signal,Rockwell Automation (ROK): Valuation Check After $2 Billion Expansion and New NVIDIA-Powered AI Push - Yahoo Finance,Yahoo Finance,https://news.google.com/rss/articles/CBMijgFBVV95cUxQYUw1TVR4Z2JJWjRGOENTUmhoN0UwSUhVa1B3T3dTNElfR2hMMFJxeHp6TUt6TWgwaEg3YXFUM3Rrem9hZjhROVgtOXlFbEJGQmRjNGNwcjA1aDQzZlBrNVhlQ2s1WFp1VGhVVjlpUTZTSFh3LThMWHZmbU5sZzVIMjl1cFB6cjg2VkxyUXFB?oc=5,"Tue, 09 Dec 2025 08:00:00 GMT",1,expansion,Company is investing in technology. Position Liatrio as their transformation partner.
8,Rockwell Automation,7.5,Application Modernization,Rockwell Automation goes cloud-native on Azure to bring modern software development paradigms to the factory floor - Microsoft,Microsoft,https://news.google.com/rss/articles/CBMiuAFBVV95cUxNenRQR1RCcVZmOGJRN0RicXR4dEJnb0JoZGxDd1drQXlxbVlXZVlDRURBbU9CUjBSQ1lTSTExaEpJQ1hHbEVCVFd5cVRjVjAwbmtuWXBvYmFUcjN6UHMwOU9iRDh5Q255SUpnWkx0SlBlQ1poUmo2ZXlvMkdBa1pOVm5kSzhHU3k4aGw0UlJhZEdWSmNSRjBhTm5Ic2lCVFRVVDVLcEhYVi1mdlh1TGJIUTRIN0ZfSllG?oc=5,"Mon, 02 Oct 2023 07:00:00 GMT",1,cloud-native,"Liatrio turns legacy apps into cloud-native, AI-ready software. Offer a modernization roadmap."
8,Rockwell Automation,7.5,Digital Transformation,Rockwell Automation (ROK) Collaborates with Laboratorios Farmacéuticos Rovi for Digital Transformation - Yahoo Finance,Yahoo Finance,https://news.google.com/rss/articles/CBMimwFBVV95cUxOWE4xTTJ2cDlORnRCSjNEM0w2VXpXaVVERTlwdkx3Q3Roa3N3bmg2bVpjVzdIX1czUXJWYXpiNE9ERG0za3lJWTdKQzhNUjBYUVZkeGczWG1rd0F3VkxoMnNrTjgtWlhaNEk5N2Z4aTJjLTNjSkZTbzl6OW1yNXZhN2VoQ2xfLVRwR2hDMU55SjFvNmVlbjhDVDN4WQ?oc=5,"Sun, 15 Mar 2026 07:00:00 GMT",1,digital transformation,"Liatrio drives holistic transformation across people, process, and technology. Reference the leadership change and offer a strategy session."
9,Johnson Controls,7,Enterprise AI,Johnson Controls International’s AI Strategy: Analysis of JCI’s Dominance in Smart Building Technology AI - Klover.ai,Klover.ai,https://news.google.com/rss/articles/CBMiwAFBVV95cUxPc2Z0eDRxd2F0ZElLMWpIX1FsOFNfM3h6dUo1M2NadU9mb2dyLWR5YUhEc0hCNjhmbzlmX3NUNjdCNkhwbGRmUjRiZzBJTWUzX1R5Qk92TVpvWFF6a2tVdDNqUVROOVZ6VjNveXBOUThXRktfUWlnSnJUaDU0QTBNWk9oZWxBNGNTejNVUXQ4NnRMTm8tVHNha09PaTd6VGdkcHNyQ2cwSGxxUjlBODB6YUxXcjRHai01S0ZsYWhuQUo?oc=5,"Mon, 04 Aug 2025 07:00:00 GMT",1,AI strategy,Liatrio helps enterprises move from AI pilots to production-scale AI. Offer an AI Strategy Session.
9,Johnson Controls,7,Application Modernization,Johnson Controls rethinks IT for the cloud-native and AI era - cio.com,cio.com,https://news.google.com/rss/articles/CBMingFBVV95cUxOSndHSWRkWlEtcWdZWl9YbnVuYU5IRHlDYzg2aWZOWFBEZGZaQzBwR2pwdnNkQi1va2trTzVBYTJEd3YzakJPa09SX0VfLUN6X0N4enZvSXVZY2RJV1dnVEF5Nl9JUTZFX3hUUDRScnlDakwyNll5SmVMSmdJb0sycVlhVmhNN1RkOXhkZXBJVTliSjVxWWxBV0RwN2k5dw?oc=5,"Mon, 05 May 2025 07:00:00 GMT",1,cloud-native,"Liatrio turns legacy apps into cloud-native, AI-ready software. Offer a modernization roadmap."
9,Johnson Controls,7,Enterprise AI,"Adobe, Amazon and Johnson Controls stand out amid surge in AI adoption: Morgan Stanley - Seeking Alpha",Seeking Alpha,https://news.google.com/rss/articles/CBMivwFBVV95cUxNSy1Gb2tXT1djM1dHVDhOYmNrYzNJRHh5a2NWeENzMUFxSGRDQ1JOR0dCNEVWbHR6cHdFR2VOSWY5V3lxWjZhNjVPV2VYX3VFVUF4ZFNuZGYydmF2VEFia3pmRnhuVkNFM3pibzZsWXVjY0pjWkxwNVJPY3gyWnlOcVp2Vl91OEthS1Z3aTJpNU14RFNDbDBCVGNLa2JkZnFCeFhTSTVCb1FBY3I2WHh2RW9fOFljWS1nM2M2NGM4cw?oc=5,"Sun, 03 Aug 2025 07:00:00 GMT",1,AI adoption,Liatrio helps enterprises move from AI pilots to production-scale AI. Offer an AI Strategy Session.
9,Johnson Controls,7,Cloud Migration,ROSA by Red Hat and AWS simplifies hybrid cloud modernization - SiliconANGLE,SiliconANGLE,https://news.google.com/rss/articles/CBMirAFBVV95cUxOeFlSbGdMX3NNSjllWkd4NG1DMld2N2tJTDY4OG94Z3VfZ0xEcE8xNEYxc1BGLWFpeGs2NEdOY2pMOE05V1o4Nk5PNnNEb2c1eEtsaDZuMVBQempDOXduRVoyeUdxSEpqN0l4aTZMM25KREJEalJ2akNTRHVlWTJVNXhuU2VvWHVfdnUwSmQ2RHVyd2huR0xKeDE3MmNqNm9NNkMtOGtHRDRfenRN?oc=5,"Tue, 27 May 2025 07:00:00 GMT",1,hybrid cloud,Liatrio designs AI-ready cloud platforms. Offer a cloud migration assessment.
9,Johnson Controls,7,DevOps & Platform Engineering,Source Code From Major Firms Leaked via Unprotected DevOps Infrastructure - SecurityWeek,SecurityWeek,https://news.google.com/rss/articles/CBMimgFBVV95cUxNdmhpUTdjemRNS2l2OTJVRWYtTFAxMG00Yk1sbEZHOHo1bE82eUxlOHZqT2FrQnhmdnUtY1lPQkthWi1UYzRkVU5TT3BrRnJQSzQxdjFpNXZXcndxRF9ibWJEQ1VicU1OZEhUSG9nQU1ScTV6QnJyUlk2Y1ZUb2pJYWNISXJ3ZUh4M2tZdjJUSTUtSmZLZlZaYnhR0gGfAUFVX3lxTE1kb2QzT1ozbDBTSk5pcUNIUzlCUnlKTHgyTWtWTWk3WWttYmJ3TzJQaGM0SkpYMWQ4U3d1SUxaZWxVQ3h2TGU2SkxLOGJXNmJMenQybzRXNl9fOUJqSkV6cGdudVFtd2ZoT3RPQWpDd0x0SnhXbEI0Y0ZjRVRLdTRfejFCZi1NZE5BTGlqajZGLWVzdzZ4ZktVcUVmYWxDTQ?oc=5,"Tue, 28 Jul 2020 07:00:00 GMT",1,DevOps,Liatrio builds internal developer platforms that accelerate delivery. Offer a DevOps maturity assessment.
9,Johnson Controls,7,Security & Compliance,Johnson Controls acquires Tempered Networks to bring zero trust cybersecurity to connected buildings worldwide - Johnson Controls,Johnson Controls,https://news.google.com/rss/articles/CBMiuwFBVV95cUxOYWJrOUhoM0c2TU5ZeHFPcWphVlVDMXlqSXZCSTVKbW5yWEl2UnJGWml2UjBlckdLMTJ4UVRtNGFlUmtmRWRvTmFKR01zRk5wLTlyMXk1djZQNlFHcmExX0x5WG8zSVY4Y1dMU0J6LU5ocVYwM043OU85TzhHS3VaMW1IX1ItNm80ZWo0NlBtMkFHTzRRbkdySGp2aEIwak5PenpfZERwS1V5cEkxaVNXSnNKZHpUZFBKcU0w?oc=5,"Thu, 23 Jun 2022 07:00:00 GMT",1,zero trust,Liatrio integrates security into the software delivery pipeline. Offer a DevSecOps assessment.
9,Johnson Controls,7,Digital Transformation,Johnson Controls Names Sankaran to New CTO role to Further Expand OpenBlue and Digital Technology Solutions - Johnson Controls,Johnson Controls,https://news.google.com/rss/articles/CBMihwJBVV95cUxQaVdMd2lJbkVnN3h3Vlc2VXR5T2RxbUFVb2x3OG1OTC11dXRqVDlhT1d2bkZmYmdpbFdDTjhldjVoVU5jZy1qSDR5Z0dxVWVkX2p0S3FRbWY1aGF4Qnp1aEtpLXhyV3g3TTRCQXExQ2EzUTgtcm16N1dQeHZ0bERaY1BuY0UyMDVTcVByZkVMOE5QN2pqUjRSdDR2Q3BBTGNyVG83cXNjYnduM3haLU5qMU03c3JDeU1jTWlGZ2NTNEM3N0c3WGJ6Mk5VMk0yWmEzQmJieHJ5djdQNXZYVWJickRHbnEyUGtYamRMQTl0U1liRlRKQ3doTndmNzdiSk1MSEdmOUlYNA?oc=5,"Tue, 11 May 2021 07:00:00 GMT",1,new CTO,"Liatrio drives holistic transformation across people, process, and technology. Reference the leadership change and offer a strategy session."
10,Raytheon Technologies,7.0,Enterprise AI,RTX’s AI Strategy: Analysis of Dominating Aerospace and Defense - Klover.ai,Klover.ai,https://news.google.com/rss/articles/CBMihgFBVV95cUxPeG5HbG1jeENMRTdhdWdwS1VxV2YwSHhIdEFHQXZYMU11MFNHSF9pTjhLbzFSLTFaX3hPQVBlSUxwQ0todTd0V1hEdy1QVHF3bWt3b1VWTWxWNHhfU3NuZVVmc1lpQmZCT1Y0aEpkeGZlU3JXS0lLdU1KTC0tUVlHWUFJZUJ4Zw?oc=5,"Thu, 17 Jul 2025 07:00:00 GMT",1.5,AI strategy,Liatrio helps enterprises move from AI pilots to production-scale AI. Offer an AI Strategy Session.
10,Raytheon Technologies,7.0,Enterprise AI,"Northrup Grumman’s AI Strategy: Analysis of Dominance in Aerospace, Defense AI - Klover.ai",Klover.ai,https://news.google.com/rss/articles/CBMingFBVV95cUxOVUZQMGJnWlEydXhOXzVHMVBFdHdPUHBITkljZFBlTnNTQ1RXdm9SVGZNbkd3MllUM0lqQmtBQjVOZWRja2lNQnFlQVhtcXBfNjdqMF9nTFdFeWxETmFQN2toWFB6b0h5NG1aVER6YThhODNVeEZKeThQNnFLa1RzWmJJS21IUDZ3SW01dHpXTlVCaHY2TUFXdTVjSzdrUQ?oc=5,"Mon, 04 Aug 2025 07:00:00 GMT",1.5,AI strategy,Liatrio helps enterprises move from AI pilots to production-scale AI. Offer an AI Strategy Session.
10,Raytheon Technologies,7.0,Enterprise AI,Raytheon’s Shane Zabel on 4 Steps to Consider in AI Strategy Development - ExecutiveBiz,ExecutiveBiz,https://news.google.com/rss/articles/CBMirgFBVV95cUxQTDJIZ2UxV2lFbDdXRlIxZHd3SW1RQ1dqbEJ1OThMWWxWa0pIblBZc3RwMlhDcHpRTUdJRlB5YTRpUWE1clhuTGJuVWNHSTEyU2JZak1tdEJSdzdzazhmTGdhVHl2YVd6TVBtTTZ0a0R2VFh0ME9oNDVfWmxmVFJHTFJlT3p6NlFyYjRIUnlzdXBpUlVNTkdWNF9COTBtSDNta1VtaGdfWTBIeVUzUlE?oc=5,"Tue, 06 Dec 2022 08:00:00 GMT",1,AI strategy,Liatrio helps enterprises move from AI pilots to production-scale AI. Offer an AI Strategy Session.
10,Raytheon Technologies,7.0,Digital Transformation,Raytheon Technologies Partners with Kyndryl to Advance Its Digital Transformation Efforts - Kyndryl,Kyndryl,https://news.google.com/rss/articles/CBMiqgFBVV95cUxNX1B3S2xpcGVqdUZDT2djYUVTNk5GYUVxTG00QjhCUTQ3U1BXUXhuOU1jSW95Y0JiOVR0UjhraUFDMnJNS2ZSMHFONkU2TkxPMkZpeHYwMW9rVS1QWGQ5RXJaaHh4WnhnN2xPbF9JOXg0eXRmSWZNaE00M05BdFBiREFPN1IyeFF1cVBWVndjcC1zWUNMWERyeTJuT3hPVmFyenBkZUJjZnV2Zw?oc=5,"Thu, 09 Dec 2021 08:00:00 GMT",1,digital transformation,"Liatrio drives holistic transformation across people, process, and technology. Reference the leadership change and offer a strategy session."
10,Raytheon Technologies,7.0,Cloud Migration,Raytheon Technologies partners with Microsoft to accelerate cloud adoption - Help Net Security,Help Net Security,https://news.google.com/rss/articles/CBMigAFBVV95cUxObHFGU2RSOFY5RTgwZlpvbFZYSzlSZ2NwVmliNXhpQkFuc0ota0tMN0FvZ2JaMm8xY0pFR3NRemhBdDdXcVdUWmRaWTF4V0RzSGFnaDMwVER0RVlwNzdWQ18yb2pqNXFaZ01OYVMyQ09oTGVfOVhKMzZPLU05R2U3bw?oc=5,"Sat, 05 Nov 2022 07:00:00 GMT",1,cloud adoption,Liatrio designs AI-ready cloud platforms. Offer a cloud migration assessment.
10,Raytheon Technologies,7.0,Digital Transformation,"Innovator, Consultant, Translator: ICF's Mark Lee Helps Ease Government's IT Modernization Journey - WashingtonExec",WashingtonExec,https://news.google.com/rss/articles/CBMiyAFBVV95cUxQTWlsbDd1RV9DSFdFYloyRzdfNnloRjJubVUxVnZkZ29DTS1rT3N2TVJiem9JVUJZd2plM0JwSFY3ajRWUjZZV1BKRFZwNTRLQTRxVExlalh5bGtrVkNsOW1qcnFvTlJ3VkJzamUtTUVDTmI2eFJxOTkwLU5NUy1GQVAwQVhRc0ZIaXZlYjU4aDBrSnlON0lWLUZTd1VDTnBjMnppcklCUTNISGdjY1FvNDZINEl0MzhOUlppY2NPTTJEeHNUMGpkZg?oc=5,"Wed, 03 Feb 2021 08:00:00 GMT",1,IT modernization,"Liatrio drives holistic transformation across people, process, and technology. Reference the leadership change and offer a strategy session."
